<?xml version="1.0" encoding="UTF-8"?>
<metadata xml:lang="en"><Esri><CreaDate>20200201</CreaDate><CreaTime>09464200</CreaTime><ArcGISFormat>1.0</ArcGISFormat><SyncOnce>TRUE</SyncOnce><DataProperties><itemProps><itemLocation><linkage Sync="TRUE">file://\\18HABERCYXL01\C$\Users\habermcy\OneDrive - University of Cincinnati\methods-book-dc-data\06-final-data\Street_Centerlines</linkage><protocol Sync="TRUE">Local Area Network</protocol></itemLocation></itemProps><copyHistory><copy source="C:\Users\habermcy\OneDrive - University of Cincinnati\methods-book-dc-data\03-base-maps\Street_Centerlines" dest="\\18HABERCYXL01\C$\Users\habermcy\OneDrive - University of Cincinnati\methods-book-dc-data\06-final-data\Street_Centerlines" date="20200201" time="09350900"></copy></copyHistory></DataProperties></Esri></metadata>
