<?xml version="1.0" encoding="UTF-8"?>
<metadata xml:lang="en"><Esri><CreaDate>20200201</CreaDate><CreaTime>09432200</CreaTime><ArcGISFormat>1.0</ArcGISFormat><SyncOnce>FALSE</SyncOnce><DataProperties><itemProps><itemName Sync="TRUE">dc_crime_incidents_2008_2018_v3</itemName><imsContentType Sync="TRUE">002</imsContentType><itemSize Sync="TRUE">0.000</itemSize><itemLocation><linkage Sync="TRUE">file://\\18HABERCYXL01\C$\Users\habermcy\Documents\ArcGIS\Default.gdb</linkage><protocol Sync="TRUE">Local Area Network</protocol></itemLocation></itemProps><coordRef><type Sync="TRUE">Geographic</type><geogcsn Sync="TRUE">GCS_WGS_1984</geogcsn><csUnits Sync="TRUE">Angular Unit: Degree (0.017453)</csUnits><peXml Sync="TRUE">&lt;GeographicCoordinateSystem xsi:type='typens:GeographicCoordinateSystem' xmlns:xsi='http://www.w3.org/2001/XMLSchema-instance' xmlns:xs='http://www.w3.org/2001/XMLSchema' xmlns:typens='http://www.esri.com/schemas/ArcGIS/10.3'&gt;&lt;WKT&gt;GEOGCS[&amp;quot;GCS_WGS_1984&amp;quot;,DATUM[&amp;quot;D_WGS_1984&amp;quot;,SPHEROID[&amp;quot;WGS_1984&amp;quot;,6378137.0,298.257223563]],PRIMEM[&amp;quot;Greenwich&amp;quot;,0.0],UNIT[&amp;quot;Degree&amp;quot;,0.0174532925199433],AUTHORITY[&amp;quot;EPSG&amp;quot;,4326]]&lt;/WKT&gt;&lt;XOrigin&gt;-400&lt;/XOrigin&gt;&lt;YOrigin&gt;-400&lt;/YOrigin&gt;&lt;XYScale&gt;11258999068426.238&lt;/XYScale&gt;&lt;ZOrigin&gt;-100000&lt;/ZOrigin&gt;&lt;ZScale&gt;10000&lt;/ZScale&gt;&lt;MOrigin&gt;-100000&lt;/MOrigin&gt;&lt;MScale&gt;10000&lt;/MScale&gt;&lt;XYTolerance&gt;8.983152841195215e-009&lt;/XYTolerance&gt;&lt;ZTolerance&gt;0.001&lt;/ZTolerance&gt;&lt;MTolerance&gt;0.001&lt;/MTolerance&gt;&lt;HighPrecision&gt;true&lt;/HighPrecision&gt;&lt;LeftLongitude&gt;-180&lt;/LeftLongitude&gt;&lt;WKID&gt;4326&lt;/WKID&gt;&lt;LatestWKID&gt;4326&lt;/LatestWKID&gt;&lt;/GeographicCoordinateSystem&gt;</peXml></coordRef><lineage><Process Name="Merge" ToolSource="c:\program files (x86)\arcgis\desktop10.3\ArcToolbox\Toolboxes\Data Management Tools.tbx\Merge" Date="20200119" Time="213519">Merge 'C:\Users\habermcy\OneDrive - University of Cincinnati\methods-book-dc-data\01-incident-data\Crime_Incidents_in_2008.shp';'C:\Users\habermcy\OneDrive - University of Cincinnati\methods-book-dc-data\01-incident-data\Crime_Incidents_in_2009.shp';'C:\Users\habermcy\OneDrive - University of Cincinnati\methods-book-dc-data\01-incident-data\Crime_Incidents_in_2010.shp';'C:\Users\habermcy\OneDrive - University of Cincinnati\methods-book-dc-data\01-incident-data\Crime_Incidents_in_2011.shp';'C:\Users\habermcy\OneDrive - University of Cincinnati\methods-book-dc-data\01-incident-data\Crime_Incidents_in_2012.shp';'C:\Users\habermcy\OneDrive - University of Cincinnati\methods-book-dc-data\01-incident-data\Crime_Incidents_in_2013.shp';'C:\Users\habermcy\OneDrive - University of Cincinnati\methods-book-dc-data\01-incident-data\Crime_Incidents_in_2014.shp';'C:\Users\habermcy\OneDrive - University of Cincinnati\methods-book-dc-data\01-incident-data\Crime_Incidents_in_2015.shp';'C:\Users\habermcy\OneDrive - University of Cincinnati\methods-book-dc-data\01-incident-data\Crime_Incidents_in_2016.shp';'C:\Users\habermcy\OneDrive - University of Cincinnati\methods-book-dc-data\01-incident-data\Crime_Incidents_in_2017.shp';'C:\Users\habermcy\OneDrive - University of Cincinnati\methods-book-dc-data\01-incident-data\Crime_Incidents_in_2018.shp' "C:\Users\habermcy\OneDrive - University of Cincinnati\methods-book-dc-data\01-incident-data\dc_crime_incidents_2008_2018.shp" "CCN "CCN" true true false 80 Text 0 0 ,First,#,C:\Users\habermcy\OneDrive - University of Cincinnati\methods-book-dc-data\01-incident-data\Crime_Incidents_in_2008.shp,CCN,-1,-1,C:\Users\habermcy\OneDrive - University of Cincinnati\methods-book-dc-data\01-incident-data\Crime_Incidents_in_2009.shp,CCN,-1,-1,C:\Users\habermcy\OneDrive - University of Cincinnati\methods-book-dc-data\01-incident-data\Crime_Incidents_in_2010.shp,CCN,-1,-1,C:\Users\habermcy\OneDrive - University of Cincinnati\methods-book-dc-data\01-incident-data\Crime_Incidents_in_2011.shp,CCN,-1,-1,C:\Users\habermcy\OneDrive - University of Cincinnati\methods-book-dc-data\01-incident-data\Crime_Incidents_in_2012.shp,CCN,-1,-1,C:\Users\habermcy\OneDrive - University of Cincinnati\methods-book-dc-data\01-incident-data\Crime_Incidents_in_2013.shp,CCN,-1,-1,C:\Users\habermcy\OneDrive - University of Cincinnati\methods-book-dc-data\01-incident-data\Crime_Incidents_in_2014.shp,CCN,-1,-1,C:\Users\habermcy\OneDrive - University of Cincinnati\methods-book-dc-data\01-incident-data\Crime_Incidents_in_2015.shp,CCN,-1,-1,C:\Users\habermcy\OneDrive - University of Cincinnati\methods-book-dc-data\01-incident-data\Crime_Incidents_in_2016.shp,CCN,-1,-1,C:\Users\habermcy\OneDrive - University of Cincinnati\methods-book-dc-data\01-incident-data\Crime_Incidents_in_2017.shp,CCN,-1,-1,C:\Users\habermcy\OneDrive - University of Cincinnati\methods-book-dc-data\01-incident-data\Crime_Incidents_in_2018.shp,CCN,-1,-1;REPORT_DAT "REPORT_DAT" true true false 80 Text 0 0 ,First,#,C:\Users\habermcy\OneDrive - University of Cincinnati\methods-book-dc-data\01-incident-data\Crime_Incidents_in_2008.shp,REPORT_DAT,-1,-1,C:\Users\habermcy\OneDrive - University of Cincinnati\methods-book-dc-data\01-incident-data\Crime_Incidents_in_2009.shp,REPORT_DAT,-1,-1,C:\Users\habermcy\OneDrive - University of Cincinnati\methods-book-dc-data\01-incident-data\Crime_Incidents_in_2010.shp,REPORT_DAT,-1,-1,C:\Users\habermcy\OneDrive - University of Cincinnati\methods-book-dc-data\01-incident-data\Crime_Incidents_in_2011.shp,REPORT_DAT,-1,-1,C:\Users\habermcy\OneDrive - University of Cincinnati\methods-book-dc-data\01-incident-data\Crime_Incidents_in_2012.shp,REPORT_DAT,-1,-1,C:\Users\habermcy\OneDrive - University of Cincinnati\methods-book-dc-data\01-incident-data\Crime_Incidents_in_2013.shp,REPORT_DAT,-1,-1,C:\Users\habermcy\OneDrive - University of Cincinnati\methods-book-dc-data\01-incident-data\Crime_Incidents_in_2014.shp,REPORT_DAT,-1,-1,C:\Users\habermcy\OneDrive - University of Cincinnati\methods-book-dc-data\01-incident-data\Crime_Incidents_in_2015.shp,REPORT_DAT,-1,-1,C:\Users\habermcy\OneDrive - University of Cincinnati\methods-book-dc-data\01-incident-data\Crime_Incidents_in_2016.shp,REPORT_DAT,-1,-1,C:\Users\habermcy\OneDrive - University of Cincinnati\methods-book-dc-data\01-incident-data\Crime_Incidents_in_2017.shp,REPORT_DAT,-1,-1,C:\Users\habermcy\OneDrive - University of Cincinnati\methods-book-dc-data\01-incident-data\Crime_Incidents_in_2018.shp,REPORT_DAT,-1,-1;SHIFT "SHIFT" true true false 80 Text 0 0 ,First,#,C:\Users\habermcy\OneDrive - University of Cincinnati\methods-book-dc-data\01-incident-data\Crime_Incidents_in_2008.shp,SHIFT,-1,-1,C:\Users\habermcy\OneDrive - University of Cincinnati\methods-book-dc-data\01-incident-data\Crime_Incidents_in_2009.shp,SHIFT,-1,-1,C:\Users\habermcy\OneDrive - University of Cincinnati\methods-book-dc-data\01-incident-data\Crime_Incidents_in_2010.shp,SHIFT,-1,-1,C:\Users\habermcy\OneDrive - University of Cincinnati\methods-book-dc-data\01-incident-data\Crime_Incidents_in_2011.shp,SHIFT,-1,-1,C:\Users\habermcy\OneDrive - University of Cincinnati\methods-book-dc-data\01-incident-data\Crime_Incidents_in_2012.shp,SHIFT,-1,-1,C:\Users\habermcy\OneDrive - University of Cincinnati\methods-book-dc-data\01-incident-data\Crime_Incidents_in_2013.shp,SHIFT,-1,-1,C:\Users\habermcy\OneDrive - University of Cincinnati\methods-book-dc-data\01-incident-data\Crime_Incidents_in_2014.shp,SHIFT,-1,-1,C:\Users\habermcy\OneDrive - University of Cincinnati\methods-book-dc-data\01-incident-data\Crime_Incidents_in_2015.shp,SHIFT,-1,-1,C:\Users\habermcy\OneDrive - University of Cincinnati\methods-book-dc-data\01-incident-data\Crime_Incidents_in_2016.shp,SHIFT,-1,-1,C:\Users\habermcy\OneDrive - University of Cincinnati\methods-book-dc-data\01-incident-data\Crime_Incidents_in_2017.shp,SHIFT,-1,-1,C:\Users\habermcy\OneDrive - University of Cincinnati\methods-book-dc-data\01-incident-data\Crime_Incidents_in_2018.shp,SHIFT,-1,-1;METHOD "METHOD" true true false 80 Text 0 0 ,First,#,C:\Users\habermcy\OneDrive - University of Cincinnati\methods-book-dc-data\01-incident-data\Crime_Incidents_in_2008.shp,METHOD,-1,-1,C:\Users\habermcy\OneDrive - University of Cincinnati\methods-book-dc-data\01-incident-data\Crime_Incidents_in_2009.shp,METHOD,-1,-1,C:\Users\habermcy\OneDrive - University of Cincinnati\methods-book-dc-data\01-incident-data\Crime_Incidents_in_2010.shp,METHOD,-1,-1,C:\Users\habermcy\OneDrive - University of Cincinnati\methods-book-dc-data\01-incident-data\Crime_Incidents_in_2011.shp,METHOD,-1,-1,C:\Users\habermcy\OneDrive - University of Cincinnati\methods-book-dc-data\01-incident-data\Crime_Incidents_in_2012.shp,METHOD,-1,-1,C:\Users\habermcy\OneDrive - University of Cincinnati\methods-book-dc-data\01-incident-data\Crime_Incidents_in_2013.shp,METHOD,-1,-1,C:\Users\habermcy\OneDrive - University of Cincinnati\methods-book-dc-data\01-incident-data\Crime_Incidents_in_2014.shp,METHOD,-1,-1,C:\Users\habermcy\OneDrive - University of Cincinnati\methods-book-dc-data\01-incident-data\Crime_Incidents_in_2015.shp,METHOD,-1,-1,C:\Users\habermcy\OneDrive - University of Cincinnati\methods-book-dc-data\01-incident-data\Crime_Incidents_in_2016.shp,METHOD,-1,-1,C:\Users\habermcy\OneDrive - University of Cincinnati\methods-book-dc-data\01-incident-data\Crime_Incidents_in_2017.shp,METHOD,-1,-1,C:\Users\habermcy\OneDrive - University of Cincinnati\methods-book-dc-data\01-incident-data\Crime_Incidents_in_2018.shp,METHOD,-1,-1;OFFENSE "OFFENSE" true true false 80 Text 0 0 ,First,#,C:\Users\habermcy\OneDrive - University of Cincinnati\methods-book-dc-data\01-incident-data\Crime_Incidents_in_2008.shp,OFFENSE,-1,-1,C:\Users\habermcy\OneDrive - University of Cincinnati\methods-book-dc-data\01-incident-data\Crime_Incidents_in_2009.shp,OFFENSE,-1,-1,C:\Users\habermcy\OneDrive - University of Cincinnati\methods-book-dc-data\01-incident-data\Crime_Incidents_in_2010.shp,OFFENSE,-1,-1,C:\Users\habermcy\OneDrive - University of Cincinnati\methods-book-dc-data\01-incident-data\Crime_Incidents_in_2011.shp,OFFENSE,-1,-1,C:\Users\habermcy\OneDrive - University of Cincinnati\methods-book-dc-data\01-incident-data\Crime_Incidents_in_2012.shp,OFFENSE,-1,-1,C:\Users\habermcy\OneDrive - University of Cincinnati\methods-book-dc-data\01-incident-data\Crime_Incidents_in_2013.shp,OFFENSE,-1,-1,C:\Users\habermcy\OneDrive - University of Cincinnati\methods-book-dc-data\01-incident-data\Crime_Incidents_in_2014.shp,OFFENSE,-1,-1,C:\Users\habermcy\OneDrive - University of Cincinnati\methods-book-dc-data\01-incident-data\Crime_Incidents_in_2015.shp,OFFENSE,-1,-1,C:\Users\habermcy\OneDrive - University of Cincinnati\methods-book-dc-data\01-incident-data\Crime_Incidents_in_2016.shp,OFFENSE,-1,-1,C:\Users\habermcy\OneDrive - University of Cincinnati\methods-book-dc-data\01-incident-data\Crime_Incidents_in_2017.shp,OFFENSE,-1,-1,C:\Users\habermcy\OneDrive - University of Cincinnati\methods-book-dc-data\01-incident-data\Crime_Incidents_in_2018.shp,OFFENSE,-1,-1;BLOCK "BLOCK" true true false 254 Text 0 0 ,First,#,C:\Users\habermcy\OneDrive - University of Cincinnati\methods-book-dc-data\01-incident-data\Crime_Incidents_in_2008.shp,BLOCK,-1,-1,C:\Users\habermcy\OneDrive - University of Cincinnati\methods-book-dc-data\01-incident-data\Crime_Incidents_in_2009.shp,BLOCK,-1,-1,C:\Users\habermcy\OneDrive - University of Cincinnati\methods-book-dc-data\01-incident-data\Crime_Incidents_in_2010.shp,BLOCK,-1,-1,C:\Users\habermcy\OneDrive - University of Cincinnati\methods-book-dc-data\01-incident-data\Crime_Incidents_in_2011.shp,BLOCK,-1,-1,C:\Users\habermcy\OneDrive - University of Cincinnati\methods-book-dc-data\01-incident-data\Crime_Incidents_in_2012.shp,BLOCK,-1,-1,C:\Users\habermcy\OneDrive - University of Cincinnati\methods-book-dc-data\01-incident-data\Crime_Incidents_in_2013.shp,BLOCK,-1,-1,C:\Users\habermcy\OneDrive - University of Cincinnati\methods-book-dc-data\01-incident-data\Crime_Incidents_in_2014.shp,BLOCK,-1,-1,C:\Users\habermcy\OneDrive - University of Cincinnati\methods-book-dc-data\01-incident-data\Crime_Incidents_in_2015.shp,BLOCK,-1,-1,C:\Users\habermcy\OneDrive - University of Cincinnati\methods-book-dc-data\01-incident-data\Crime_Incidents_in_2016.shp,BLOCK,-1,-1,C:\Users\habermcy\OneDrive - University of Cincinnati\methods-book-dc-data\01-incident-data\Crime_Incidents_in_2017.shp,BLOCK,-1,-1,C:\Users\habermcy\OneDrive - University of Cincinnati\methods-book-dc-data\01-incident-data\Crime_Incidents_in_2018.shp,BLOCK,-1,-1;XBLOCK "XBLOCK" true true false 10 Long 0 10 ,First,#,C:\Users\habermcy\OneDrive - University of Cincinnati\methods-book-dc-data\01-incident-data\Crime_Incidents_in_2008.shp,XBLOCK,-1,-1,C:\Users\habermcy\OneDrive - University of Cincinnati\methods-book-dc-data\01-incident-data\Crime_Incidents_in_2009.shp,XBLOCK,-1,-1,C:\Users\habermcy\OneDrive - University of Cincinnati\methods-book-dc-data\01-incident-data\Crime_Incidents_in_2010.shp,XBLOCK,-1,-1,C:\Users\habermcy\OneDrive - University of Cincinnati\methods-book-dc-data\01-incident-data\Crime_Incidents_in_2011.shp,XBLOCK,-1,-1,C:\Users\habermcy\OneDrive - University of Cincinnati\methods-book-dc-data\01-incident-data\Crime_Incidents_in_2012.shp,XBLOCK,-1,-1,C:\Users\habermcy\OneDrive - University of Cincinnati\methods-book-dc-data\01-incident-data\Crime_Incidents_in_2013.shp,XBLOCK,-1,-1,C:\Users\habermcy\OneDrive - University of Cincinnati\methods-book-dc-data\01-incident-data\Crime_Incidents_in_2014.shp,XBLOCK,-1,-1,C:\Users\habermcy\OneDrive - University of Cincinnati\methods-book-dc-data\01-incident-data\Crime_Incidents_in_2015.shp,XBLOCK,-1,-1,C:\Users\habermcy\OneDrive - University of Cincinnati\methods-book-dc-data\01-incident-data\Crime_Incidents_in_2016.shp,XBLOCK,-1,-1,C:\Users\habermcy\OneDrive - University of Cincinnati\methods-book-dc-data\01-incident-data\Crime_Incidents_in_2017.shp,XBLOCK,-1,-1,C:\Users\habermcy\OneDrive - University of Cincinnati\methods-book-dc-data\01-incident-data\Crime_Incidents_in_2018.shp,XBLOCK,-1,-1;YBLOCK "YBLOCK" true true false 10 Long 0 10 ,First,#,C:\Users\habermcy\OneDrive - University of Cincinnati\methods-book-dc-data\01-incident-data\Crime_Incidents_in_2008.shp,YBLOCK,-1,-1,C:\Users\habermcy\OneDrive - University of Cincinnati\methods-book-dc-data\01-incident-data\Crime_Incidents_in_2009.shp,YBLOCK,-1,-1,C:\Users\habermcy\OneDrive - University of Cincinnati\methods-book-dc-data\01-incident-data\Crime_Incidents_in_2010.shp,YBLOCK,-1,-1,C:\Users\habermcy\OneDrive - University of Cincinnati\methods-book-dc-data\01-incident-data\Crime_Incidents_in_2011.shp,YBLOCK,-1,-1,C:\Users\habermcy\OneDrive - University of Cincinnati\methods-book-dc-data\01-incident-data\Crime_Incidents_in_2012.shp,YBLOCK,-1,-1,C:\Users\habermcy\OneDrive - University of Cincinnati\methods-book-dc-data\01-incident-data\Crime_Incidents_in_2013.shp,YBLOCK,-1,-1,C:\Users\habermcy\OneDrive - University of Cincinnati\methods-book-dc-data\01-incident-data\Crime_Incidents_in_2014.shp,YBLOCK,-1,-1,C:\Users\habermcy\OneDrive - University of Cincinnati\methods-book-dc-data\01-incident-data\Crime_Incidents_in_2015.shp,YBLOCK,-1,-1,C:\Users\habermcy\OneDrive - University of Cincinnati\methods-book-dc-data\01-incident-data\Crime_Incidents_in_2016.shp,YBLOCK,-1,-1,C:\Users\habermcy\OneDrive - University of Cincinnati\methods-book-dc-data\01-incident-data\Crime_Incidents_in_2017.shp,YBLOCK,-1,-1,C:\Users\habermcy\OneDrive - University of Cincinnati\methods-book-dc-data\01-incident-data\Crime_Incidents_in_2018.shp,YBLOCK,-1,-1;WARD "WARD" true true false 80 Text 0 0 ,First,#,C:\Users\habermcy\OneDrive - University of Cincinnati\methods-book-dc-data\01-incident-data\Crime_Incidents_in_2008.shp,WARD,-1,-1,C:\Users\habermcy\OneDrive - University of Cincinnati\methods-book-dc-data\01-incident-data\Crime_Incidents_in_2009.shp,WARD,-1,-1,C:\Users\habermcy\OneDrive - University of Cincinnati\methods-book-dc-data\01-incident-data\Crime_Incidents_in_2010.shp,WARD,-1,-1,C:\Users\habermcy\OneDrive - University of Cincinnati\methods-book-dc-data\01-incident-data\Crime_Incidents_in_2011.shp,WARD,-1,-1,C:\Users\habermcy\OneDrive - University of Cincinnati\methods-book-dc-data\01-incident-data\Crime_Incidents_in_2012.shp,WARD,-1,-1,C:\Users\habermcy\OneDrive - University of Cincinnati\methods-book-dc-data\01-incident-data\Crime_Incidents_in_2013.shp,WARD,-1,-1,C:\Users\habermcy\OneDrive - University of Cincinnati\methods-book-dc-data\01-incident-data\Crime_Incidents_in_2014.shp,WARD,-1,-1,C:\Users\habermcy\OneDrive - University of Cincinnati\methods-book-dc-data\01-incident-data\Crime_Incidents_in_2015.shp,WARD,-1,-1,C:\Users\habermcy\OneDrive - University of Cincinnati\methods-book-dc-data\01-incident-data\Crime_Incidents_in_2016.shp,WARD,-1,-1,C:\Users\habermcy\OneDrive - University of Cincinnati\methods-book-dc-data\01-incident-data\Crime_Incidents_in_2017.shp,WARD,-1,-1,C:\Users\habermcy\OneDrive - University of Cincinnati\methods-book-dc-data\01-incident-data\Crime_Incidents_in_2018.shp,WARD,-1,-1;ANC "ANC" true true false 80 Text 0 0 ,First,#,C:\Users\habermcy\OneDrive - University of Cincinnati\methods-book-dc-data\01-incident-data\Crime_Incidents_in_2008.shp,ANC,-1,-1,C:\Users\habermcy\OneDrive - University of Cincinnati\methods-book-dc-data\01-incident-data\Crime_Incidents_in_2009.shp,ANC,-1,-1,C:\Users\habermcy\OneDrive - University of Cincinnati\methods-book-dc-data\01-incident-data\Crime_Incidents_in_2010.shp,ANC,-1,-1,C:\Users\habermcy\OneDrive - University of Cincinnati\methods-book-dc-data\01-incident-data\Crime_Incidents_in_2011.shp,ANC,-1,-1,C:\Users\habermcy\OneDrive - University of Cincinnati\methods-book-dc-data\01-incident-data\Crime_Incidents_in_2012.shp,ANC,-1,-1,C:\Users\habermcy\OneDrive - University of Cincinnati\methods-book-dc-data\01-incident-data\Crime_Incidents_in_2013.shp,ANC,-1,-1,C:\Users\habermcy\OneDrive - University of Cincinnati\methods-book-dc-data\01-incident-data\Crime_Incidents_in_2014.shp,ANC,-1,-1,C:\Users\habermcy\OneDrive - University of Cincinnati\methods-book-dc-data\01-incident-data\Crime_Incidents_in_2015.shp,ANC,-1,-1,C:\Users\habermcy\OneDrive - University of Cincinnati\methods-book-dc-data\01-incident-data\Crime_Incidents_in_2016.shp,ANC,-1,-1,C:\Users\habermcy\OneDrive - University of Cincinnati\methods-book-dc-data\01-incident-data\Crime_Incidents_in_2017.shp,ANC,-1,-1,C:\Users\habermcy\OneDrive - University of Cincinnati\methods-book-dc-data\01-incident-data\Crime_Incidents_in_2018.shp,ANC,-1,-1;DISTRICT "DISTRICT" true true false 80 Text 0 0 ,First,#,C:\Users\habermcy\OneDrive - University of Cincinnati\methods-book-dc-data\01-incident-data\Crime_Incidents_in_2008.shp,DISTRICT,-1,-1,C:\Users\habermcy\OneDrive - University of Cincinnati\methods-book-dc-data\01-incident-data\Crime_Incidents_in_2009.shp,DISTRICT,-1,-1,C:\Users\habermcy\OneDrive - University of Cincinnati\methods-book-dc-data\01-incident-data\Crime_Incidents_in_2010.shp,DISTRICT,-1,-1,C:\Users\habermcy\OneDrive - University of Cincinnati\methods-book-dc-data\01-incident-data\Crime_Incidents_in_2011.shp,DISTRICT,-1,-1,C:\Users\habermcy\OneDrive - University of Cincinnati\methods-book-dc-data\01-incident-data\Crime_Incidents_in_2012.shp,DISTRICT,-1,-1,C:\Users\habermcy\OneDrive - University of Cincinnati\methods-book-dc-data\01-incident-data\Crime_Incidents_in_2013.shp,DISTRICT,-1,-1,C:\Users\habermcy\OneDrive - University of Cincinnati\methods-book-dc-data\01-incident-data\Crime_Incidents_in_2014.shp,DISTRICT,-1,-1,C:\Users\habermcy\OneDrive - University of Cincinnati\methods-book-dc-data\01-incident-data\Crime_Incidents_in_2015.shp,DISTRICT,-1,-1,C:\Users\habermcy\OneDrive - University of Cincinnati\methods-book-dc-data\01-incident-data\Crime_Incidents_in_2016.shp,DISTRICT,-1,-1,C:\Users\habermcy\OneDrive - University of Cincinnati\methods-book-dc-data\01-incident-data\Crime_Incidents_in_2017.shp,DISTRICT,-1,-1,C:\Users\habermcy\OneDrive - University of Cincinnati\methods-book-dc-data\01-incident-data\Crime_Incidents_in_2018.shp,DISTRICT,-1,-1;PSA "PSA" true true false 80 Text 0 0 ,First,#,C:\Users\habermcy\OneDrive - University of Cincinnati\methods-book-dc-data\01-incident-data\Crime_Incidents_in_2008.shp,PSA,-1,-1,C:\Users\habermcy\OneDrive - University of Cincinnati\methods-book-dc-data\01-incident-data\Crime_Incidents_in_2009.shp,PSA,-1,-1,C:\Users\habermcy\OneDrive - University of Cincinnati\methods-book-dc-data\01-incident-data\Crime_Incidents_in_2010.shp,PSA,-1,-1,C:\Users\habermcy\OneDrive - University of Cincinnati\methods-book-dc-data\01-incident-data\Crime_Incidents_in_2011.shp,PSA,-1,-1,C:\Users\habermcy\OneDrive - University of Cincinnati\methods-book-dc-data\01-incident-data\Crime_Incidents_in_2012.shp,PSA,-1,-1,C:\Users\habermcy\OneDrive - University of Cincinnati\methods-book-dc-data\01-incident-data\Crime_Incidents_in_2013.shp,PSA,-1,-1,C:\Users\habermcy\OneDrive - University of Cincinnati\methods-book-dc-data\01-incident-data\Crime_Incidents_in_2014.shp,PSA,-1,-1,C:\Users\habermcy\OneDrive - University of Cincinnati\methods-book-dc-data\01-incident-data\Crime_Incidents_in_2015.shp,PSA,-1,-1,C:\Users\habermcy\OneDrive - University of Cincinnati\methods-book-dc-data\01-incident-data\Crime_Incidents_in_2016.shp,PSA,-1,-1,C:\Users\habermcy\OneDrive - University of Cincinnati\methods-book-dc-data\01-incident-data\Crime_Incidents_in_2017.shp,PSA,-1,-1,C:\Users\habermcy\OneDrive - University of Cincinnati\methods-book-dc-data\01-incident-data\Crime_Incidents_in_2018.shp,PSA,-1,-1;NEIGHBORHO "NEIGHBORHO" true true false 80 Text 0 0 ,First,#,C:\Users\habermcy\OneDrive - University of Cincinnati\methods-book-dc-data\01-incident-data\Crime_Incidents_in_2008.shp,NEIGHBORHO,-1,-1,C:\Users\habermcy\OneDrive - University of Cincinnati\methods-book-dc-data\01-incident-data\Crime_Incidents_in_2009.shp,NEIGHBORHO,-1,-1,C:\Users\habermcy\OneDrive - University of Cincinnati\methods-book-dc-data\01-incident-data\Crime_Incidents_in_2010.shp,NEIGHBORHO,-1,-1,C:\Users\habermcy\OneDrive - University of Cincinnati\methods-book-dc-data\01-incident-data\Crime_Incidents_in_2011.shp,NEIGHBORHO,-1,-1,C:\Users\habermcy\OneDrive - University of Cincinnati\methods-book-dc-data\01-incident-data\Crime_Incidents_in_2012.shp,NEIGHBORHO,-1,-1,C:\Users\habermcy\OneDrive - University of Cincinnati\methods-book-dc-data\01-incident-data\Crime_Incidents_in_2013.shp,NEIGHBORHO,-1,-1,C:\Users\habermcy\OneDrive - University of Cincinnati\methods-book-dc-data\01-incident-data\Crime_Incidents_in_2014.shp,NEIGHBORHO,-1,-1,C:\Users\habermcy\OneDrive - University of Cincinnati\methods-book-dc-data\01-incident-data\Crime_Incidents_in_2015.shp,NEIGHBORHO,-1,-1,C:\Users\habermcy\OneDrive - University of Cincinnati\methods-book-dc-data\01-incident-data\Crime_Incidents_in_2016.shp,NEIGHBORHO,-1,-1,C:\Users\habermcy\OneDrive - University of Cincinnati\methods-book-dc-data\01-incident-data\Crime_Incidents_in_2017.shp,NEIGHBORHO,-1,-1,C:\Users\habermcy\OneDrive - University of Cincinnati\methods-book-dc-data\01-incident-data\Crime_Incidents_in_2018.shp,NEIGHBORHO,-1,-1;BLOCK_GROU "BLOCK_GROU" true true false 80 Text 0 0 ,First,#,C:\Users\habermcy\OneDrive - University of Cincinnati\methods-book-dc-data\01-incident-data\Crime_Incidents_in_2008.shp,BLOCK_GROU,-1,-1,C:\Users\habermcy\OneDrive - University of Cincinnati\methods-book-dc-data\01-incident-data\Crime_Incidents_in_2009.shp,BLOCK_GROU,-1,-1,C:\Users\habermcy\OneDrive - University of Cincinnati\methods-book-dc-data\01-incident-data\Crime_Incidents_in_2010.shp,BLOCK_GROU,-1,-1,C:\Users\habermcy\OneDrive - University of Cincinnati\methods-book-dc-data\01-incident-data\Crime_Incidents_in_2011.shp,BLOCK_GROU,-1,-1,C:\Users\habermcy\OneDrive - University of Cincinnati\methods-book-dc-data\01-incident-data\Crime_Incidents_in_2012.shp,BLOCK_GROU,-1,-1,C:\Users\habermcy\OneDrive - University of Cincinnati\methods-book-dc-data\01-incident-data\Crime_Incidents_in_2013.shp,BLOCK_GROU,-1,-1,C:\Users\habermcy\OneDrive - University of Cincinnati\methods-book-dc-data\01-incident-data\Crime_Incidents_in_2014.shp,BLOCK_GROU,-1,-1,C:\Users\habermcy\OneDrive - University of Cincinnati\methods-book-dc-data\01-incident-data\Crime_Incidents_in_2015.shp,BLOCK_GROU,-1,-1,C:\Users\habermcy\OneDrive - University of Cincinnati\methods-book-dc-data\01-incident-data\Crime_Incidents_in_2016.shp,BLOCK_GROU,-1,-1,C:\Users\habermcy\OneDrive - University of Cincinnati\methods-book-dc-data\01-incident-data\Crime_Incidents_in_2017.shp,BLOCK_GROU,-1,-1,C:\Users\habermcy\OneDrive - University of Cincinnati\methods-book-dc-data\01-incident-data\Crime_Incidents_in_2018.shp,BLOCK_GROU,-1,-1;CENSUS_TRA "CENSUS_TRA" true true false 80 Text 0 0 ,First,#,C:\Users\habermcy\OneDrive - University of Cincinnati\methods-book-dc-data\01-incident-data\Crime_Incidents_in_2008.shp,CENSUS_TRA,-1,-1,C:\Users\habermcy\OneDrive - University of Cincinnati\methods-book-dc-data\01-incident-data\Crime_Incidents_in_2009.shp,CENSUS_TRA,-1,-1,C:\Users\habermcy\OneDrive - University of Cincinnati\methods-book-dc-data\01-incident-data\Crime_Incidents_in_2010.shp,CENSUS_TRA,-1,-1,C:\Users\habermcy\OneDrive - University of Cincinnati\methods-book-dc-data\01-incident-data\Crime_Incidents_in_2011.shp,CENSUS_TRA,-1,-1,C:\Users\habermcy\OneDrive - University of Cincinnati\methods-book-dc-data\01-incident-data\Crime_Incidents_in_2012.shp,CENSUS_TRA,-1,-1,C:\Users\habermcy\OneDrive - University of Cincinnati\methods-book-dc-data\01-incident-data\Crime_Incidents_in_2013.shp,CENSUS_TRA,-1,-1,C:\Users\habermcy\OneDrive - University of Cincinnati\methods-book-dc-data\01-incident-data\Crime_Incidents_in_2014.shp,CENSUS_TRA,-1,-1,C:\Users\habermcy\OneDrive - University of Cincinnati\methods-book-dc-data\01-incident-data\Crime_Incidents_in_2015.shp,CENSUS_TRA,-1,-1,C:\Users\habermcy\OneDrive - University of Cincinnati\methods-book-dc-data\01-incident-data\Crime_Incidents_in_2016.shp,CENSUS_TRA,-1,-1,C:\Users\habermcy\OneDrive - University of Cincinnati\methods-book-dc-data\01-incident-data\Crime_Incidents_in_2017.shp,CENSUS_TRA,-1,-1,C:\Users\habermcy\OneDrive - University of Cincinnati\methods-book-dc-data\01-incident-data\Crime_Incidents_in_2018.shp,CENSUS_TRA,-1,-1;VOTING_PRE "VOTING_PRE" true true false 80 Text 0 0 ,First,#,C:\Users\habermcy\OneDrive - University of Cincinnati\methods-book-dc-data\01-incident-data\Crime_Incidents_in_2008.shp,VOTING_PRE,-1,-1,C:\Users\habermcy\OneDrive - University of Cincinnati\methods-book-dc-data\01-incident-data\Crime_Incidents_in_2009.shp,VOTING_PRE,-1,-1,C:\Users\habermcy\OneDrive - University of Cincinnati\methods-book-dc-data\01-incident-data\Crime_Incidents_in_2010.shp,VOTING_PRE,-1,-1,C:\Users\habermcy\OneDrive - University of Cincinnati\methods-book-dc-data\01-incident-data\Crime_Incidents_in_2011.shp,VOTING_PRE,-1,-1,C:\Users\habermcy\OneDrive - University of Cincinnati\methods-book-dc-data\01-incident-data\Crime_Incidents_in_2012.shp,VOTING_PRE,-1,-1,C:\Users\habermcy\OneDrive - University of Cincinnati\methods-book-dc-data\01-incident-data\Crime_Incidents_in_2013.shp,VOTING_PRE,-1,-1,C:\Users\habermcy\OneDrive - University of Cincinnati\methods-book-dc-data\01-incident-data\Crime_Incidents_in_2014.shp,VOTING_PRE,-1,-1,C:\Users\habermcy\OneDrive - University of Cincinnati\methods-book-dc-data\01-incident-data\Crime_Incidents_in_2015.shp,VOTING_PRE,-1,-1,C:\Users\habermcy\OneDrive - University of Cincinnati\methods-book-dc-data\01-incident-data\Crime_Incidents_in_2016.shp,VOTING_PRE,-1,-1,C:\Users\habermcy\OneDrive - University of Cincinnati\methods-book-dc-data\01-incident-data\Crime_Incidents_in_2017.shp,VOTING_PRE,-1,-1,C:\Users\habermcy\OneDrive - University of Cincinnati\methods-book-dc-data\01-incident-data\Crime_Incidents_in_2018.shp,VOTING_PRE,-1,-1;LATITUDE "LATITUDE" true true false 24 Double 15 23 ,First,#,C:\Users\habermcy\OneDrive - University of Cincinnati\methods-book-dc-data\01-incident-data\Crime_Incidents_in_2008.shp,LATITUDE,-1,-1,C:\Users\habermcy\OneDrive - University of Cincinnati\methods-book-dc-data\01-incident-data\Crime_Incidents_in_2009.shp,LATITUDE,-1,-1,C:\Users\habermcy\OneDrive - University of Cincinnati\methods-book-dc-data\01-incident-data\Crime_Incidents_in_2010.shp,LATITUDE,-1,-1,C:\Users\habermcy\OneDrive - University of Cincinnati\methods-book-dc-data\01-incident-data\Crime_Incidents_in_2011.shp,LATITUDE,-1,-1,C:\Users\habermcy\OneDrive - University of Cincinnati\methods-book-dc-data\01-incident-data\Crime_Incidents_in_2012.shp,LATITUDE,-1,-1,C:\Users\habermcy\OneDrive - University of Cincinnati\methods-book-dc-data\01-incident-data\Crime_Incidents_in_2013.shp,LATITUDE,-1,-1,C:\Users\habermcy\OneDrive - University of Cincinnati\methods-book-dc-data\01-incident-data\Crime_Incidents_in_2014.shp,LATITUDE,-1,-1,C:\Users\habermcy\OneDrive - University of Cincinnati\methods-book-dc-data\01-incident-data\Crime_Incidents_in_2015.shp,LATITUDE,-1,-1,C:\Users\habermcy\OneDrive - University of Cincinnati\methods-book-dc-data\01-incident-data\Crime_Incidents_in_2016.shp,LATITUDE,-1,-1,C:\Users\habermcy\OneDrive - University of Cincinnati\methods-book-dc-data\01-incident-data\Crime_Incidents_in_2017.shp,LATITUDE,-1,-1,C:\Users\habermcy\OneDrive - University of Cincinnati\methods-book-dc-data\01-incident-data\Crime_Incidents_in_2018.shp,LATITUDE,-1,-1;LONGITUDE "LONGITUDE" true true false 24 Double 15 23 ,First,#,C:\Users\habermcy\OneDrive - University of Cincinnati\methods-book-dc-data\01-incident-data\Crime_Incidents_in_2008.shp,LONGITUDE,-1,-1,C:\Users\habermcy\OneDrive - University of Cincinnati\methods-book-dc-data\01-incident-data\Crime_Incidents_in_2009.shp,LONGITUDE,-1,-1,C:\Users\habermcy\OneDrive - University of Cincinnati\methods-book-dc-data\01-incident-data\Crime_Incidents_in_2010.shp,LONGITUDE,-1,-1,C:\Users\habermcy\OneDrive - University of Cincinnati\methods-book-dc-data\01-incident-data\Crime_Incidents_in_2011.shp,LONGITUDE,-1,-1,C:\Users\habermcy\OneDrive - University of Cincinnati\methods-book-dc-data\01-incident-data\Crime_Incidents_in_2012.shp,LONGITUDE,-1,-1,C:\Users\habermcy\OneDrive - University of Cincinnati\methods-book-dc-data\01-incident-data\Crime_Incidents_in_2013.shp,LONGITUDE,-1,-1,C:\Users\habermcy\OneDrive - University of Cincinnati\methods-book-dc-data\01-incident-data\Crime_Incidents_in_2014.shp,LONGITUDE,-1,-1,C:\Users\habermcy\OneDrive - University of Cincinnati\methods-book-dc-data\01-incident-data\Crime_Incidents_in_2015.shp,LONGITUDE,-1,-1,C:\Users\habermcy\OneDrive - University of Cincinnati\methods-book-dc-data\01-incident-data\Crime_Incidents_in_2016.shp,LONGITUDE,-1,-1,C:\Users\habermcy\OneDrive - University of Cincinnati\methods-book-dc-data\01-incident-data\Crime_Incidents_in_2017.shp,LONGITUDE,-1,-1,C:\Users\habermcy\OneDrive - University of Cincinnati\methods-book-dc-data\01-incident-data\Crime_Incidents_in_2018.shp,LONGITUDE,-1,-1;BID "BID" true true false 80 Text 0 0 ,First,#,C:\Users\habermcy\OneDrive - University of Cincinnati\methods-book-dc-data\01-incident-data\Crime_Incidents_in_2008.shp,BID,-1,-1,C:\Users\habermcy\OneDrive - University of Cincinnati\methods-book-dc-data\01-incident-data\Crime_Incidents_in_2009.shp,BID,-1,-1,C:\Users\habermcy\OneDrive - University of Cincinnati\methods-book-dc-data\01-incident-data\Crime_Incidents_in_2010.shp,BID,-1,-1,C:\Users\habermcy\OneDrive - University of Cincinnati\methods-book-dc-data\01-incident-data\Crime_Incidents_in_2011.shp,BID,-1,-1,C:\Users\habermcy\OneDrive - University of Cincinnati\methods-book-dc-data\01-incident-data\Crime_Incidents_in_2012.shp,BID,-1,-1,C:\Users\habermcy\OneDrive - University of Cincinnati\methods-book-dc-data\01-incident-data\Crime_Incidents_in_2013.shp,BID,-1,-1,C:\Users\habermcy\OneDrive - University of Cincinnati\methods-book-dc-data\01-incident-data\Crime_Incidents_in_2014.shp,BID,-1,-1,C:\Users\habermcy\OneDrive - University of Cincinnati\methods-book-dc-data\01-incident-data\Crime_Incidents_in_2015.shp,BID,-1,-1,C:\Users\habermcy\OneDrive - University of Cincinnati\methods-book-dc-data\01-incident-data\Crime_Incidents_in_2016.shp,BID,-1,-1,C:\Users\habermcy\OneDrive - University of Cincinnati\methods-book-dc-data\01-incident-data\Crime_Incidents_in_2017.shp,BID,-1,-1,C:\Users\habermcy\OneDrive - University of Cincinnati\methods-book-dc-data\01-incident-data\Crime_Incidents_in_2018.shp,BID,-1,-1;START_DATE "START_DATE" true true false 80 Text 0 0 ,First,#,C:\Users\habermcy\OneDrive - University of Cincinnati\methods-book-dc-data\01-incident-data\Crime_Incidents_in_2008.shp,START_DATE,-1,-1,C:\Users\habermcy\OneDrive - University of Cincinnati\methods-book-dc-data\01-incident-data\Crime_Incidents_in_2009.shp,START_DATE,-1,-1,C:\Users\habermcy\OneDrive - University of Cincinnati\methods-book-dc-data\01-incident-data\Crime_Incidents_in_2010.shp,START_DATE,-1,-1,C:\Users\habermcy\OneDrive - University of Cincinnati\methods-book-dc-data\01-incident-data\Crime_Incidents_in_2011.shp,START_DATE,-1,-1,C:\Users\habermcy\OneDrive - University of Cincinnati\methods-book-dc-data\01-incident-data\Crime_Incidents_in_2012.shp,START_DATE,-1,-1,C:\Users\habermcy\OneDrive - University of Cincinnati\methods-book-dc-data\01-incident-data\Crime_Incidents_in_2013.shp,START_DATE,-1,-1,C:\Users\habermcy\OneDrive - University of Cincinnati\methods-book-dc-data\01-incident-data\Crime_Incidents_in_2014.shp,START_DATE,-1,-1,C:\Users\habermcy\OneDrive - University of Cincinnati\methods-book-dc-data\01-incident-data\Crime_Incidents_in_2015.shp,START_DATE,-1,-1,C:\Users\habermcy\OneDrive - University of Cincinnati\methods-book-dc-data\01-incident-data\Crime_Incidents_in_2016.shp,START_DATE,-1,-1,C:\Users\habermcy\OneDrive - University of Cincinnati\methods-book-dc-data\01-incident-data\Crime_Incidents_in_2017.shp,START_DATE,-1,-1,C:\Users\habermcy\OneDrive - University of Cincinnati\methods-book-dc-data\01-incident-data\Crime_Incidents_in_2018.shp,START_DATE,-1,-1;END_DATE "END_DATE" true true false 80 Text 0 0 ,First,#,C:\Users\habermcy\OneDrive - University of Cincinnati\methods-book-dc-data\01-incident-data\Crime_Incidents_in_2008.shp,END_DATE,-1,-1,C:\Users\habermcy\OneDrive - University of Cincinnati\methods-book-dc-data\01-incident-data\Crime_Incidents_in_2009.shp,END_DATE,-1,-1,C:\Users\habermcy\OneDrive - University of Cincinnati\methods-book-dc-data\01-incident-data\Crime_Incidents_in_2010.shp,END_DATE,-1,-1,C:\Users\habermcy\OneDrive - University of Cincinnati\methods-book-dc-data\01-incident-data\Crime_Incidents_in_2011.shp,END_DATE,-1,-1,C:\Users\habermcy\OneDrive - University of Cincinnati\methods-book-dc-data\01-incident-data\Crime_Incidents_in_2012.shp,END_DATE,-1,-1,C:\Users\habermcy\OneDrive - University of Cincinnati\methods-book-dc-data\01-incident-data\Crime_Incidents_in_2013.shp,END_DATE,-1,-1,C:\Users\habermcy\OneDrive - University of Cincinnati\methods-book-dc-data\01-incident-data\Crime_Incidents_in_2014.shp,END_DATE,-1,-1,C:\Users\habermcy\OneDrive - University of Cincinnati\methods-book-dc-data\01-incident-data\Crime_Incidents_in_2015.shp,END_DATE,-1,-1,C:\Users\habermcy\OneDrive - University of Cincinnati\methods-book-dc-data\01-incident-data\Crime_Incidents_in_2016.shp,END_DATE,-1,-1,C:\Users\habermcy\OneDrive - University of Cincinnati\methods-book-dc-data\01-incident-data\Crime_Incidents_in_2017.shp,END_DATE,-1,-1,C:\Users\habermcy\OneDrive - University of Cincinnati\methods-book-dc-data\01-incident-data\Crime_Incidents_in_2018.shp,END_DATE,-1,-1;OBJECTID "OBJECTID" true true false 10 Long 0 10 ,First,#,C:\Users\habermcy\OneDrive - University of Cincinnati\methods-book-dc-data\01-incident-data\Crime_Incidents_in_2008.shp,OBJECTID,-1,-1,C:\Users\habermcy\OneDrive - University of Cincinnati\methods-book-dc-data\01-incident-data\Crime_Incidents_in_2009.shp,OBJECTID,-1,-1,C:\Users\habermcy\OneDrive - University of Cincinnati\methods-book-dc-data\01-incident-data\Crime_Incidents_in_2010.shp,OBJECTID,-1,-1,C:\Users\habermcy\OneDrive - University of Cincinnati\methods-book-dc-data\01-incident-data\Crime_Incidents_in_2011.shp,OBJECTID,-1,-1,C:\Users\habermcy\OneDrive - University of Cincinnati\methods-book-dc-data\01-incident-data\Crime_Incidents_in_2012.shp,OBJECTID,-1,-1,C:\Users\habermcy\OneDrive - University of Cincinnati\methods-book-dc-data\01-incident-data\Crime_Incidents_in_2013.shp,OBJECTID,-1,-1,C:\Users\habermcy\OneDrive - University of Cincinnati\methods-book-dc-data\01-incident-data\Crime_Incidents_in_2014.shp,OBJECTID,-1,-1,C:\Users\habermcy\OneDrive - University of Cincinnati\methods-book-dc-data\01-incident-data\Crime_Incidents_in_2015.shp,OBJECTID,-1,-1,C:\Users\habermcy\OneDrive - University of Cincinnati\methods-book-dc-data\01-incident-data\Crime_Incidents_in_2016.shp,OBJECTID,-1,-1,C:\Users\habermcy\OneDrive - University of Cincinnati\methods-book-dc-data\01-incident-data\Crime_Incidents_in_2017.shp,OBJECTID,-1,-1,C:\Users\habermcy\OneDrive - University of Cincinnati\methods-book-dc-data\01-incident-data\Crime_Incidents_in_2018.shp,OBJECTID,-1,-1;OCTO_RECOR "OCTO_RECOR" true true false 80 Text 0 0 ,First,#,C:\Users\habermcy\OneDrive - University of Cincinnati\methods-book-dc-data\01-incident-data\Crime_Incidents_in_2008.shp,OCTO_RECOR,-1,-1,C:\Users\habermcy\OneDrive - University of Cincinnati\methods-book-dc-data\01-incident-data\Crime_Incidents_in_2009.shp,OCTO_RECOR,-1,-1,C:\Users\habermcy\OneDrive - University of Cincinnati\methods-book-dc-data\01-incident-data\Crime_Incidents_in_2010.shp,OCTO_RECOR,-1,-1,C:\Users\habermcy\OneDrive - University of Cincinnati\methods-book-dc-data\01-incident-data\Crime_Incidents_in_2011.shp,OCTO_RECOR,-1,-1,C:\Users\habermcy\OneDrive - University of Cincinnati\methods-book-dc-data\01-incident-data\Crime_Incidents_in_2012.shp,OCTO_RECOR,-1,-1,C:\Users\habermcy\OneDrive - University of Cincinnati\methods-book-dc-data\01-incident-data\Crime_Incidents_in_2013.shp,OCTO_RECOR,-1,-1,C:\Users\habermcy\OneDrive - University of Cincinnati\methods-book-dc-data\01-incident-data\Crime_Incidents_in_2014.shp,OCTO_RECOR,-1,-1,C:\Users\habermcy\OneDrive - University of Cincinnati\methods-book-dc-data\01-incident-data\Crime_Incidents_in_2015.shp,OCTO_RECOR,-1,-1,C:\Users\habermcy\OneDrive - University of Cincinnati\methods-book-dc-data\01-incident-data\Crime_Incidents_in_2016.shp,OCTO_RECOR,-1,-1,C:\Users\habermcy\OneDrive - University of Cincinnati\methods-book-dc-data\01-incident-data\Crime_Incidents_in_2017.shp,OCTO_RECOR,-1,-1,C:\Users\habermcy\OneDrive - University of Cincinnati\methods-book-dc-data\01-incident-data\Crime_Incidents_in_2018.shp,OCTO_RECOR,-1,-1"</Process><Process ToolSource="c:\program files (x86)\arcgis\desktop10.3\ArcToolbox\Toolboxes\Data Management Tools.tbx\CalculateField" Date="20200119" Time="214723">CalculateField dc_crime_incidents_2008_2018 YEAR Left( [START_DATE], 4 ) VB #</Process><Process ToolSource="c:\program files (x86)\arcgis\desktop10.3\ArcToolbox\Toolboxes\Data Management Tools.tbx\CalculateField" Date="20200130" Time="215818">CalculateField dc_crime_incidents_2008_2018 FROM_DATE Left( [START_DATE], 10 ) VB #</Process><Process ToolSource="c:\program files (x86)\arcgis\desktop10.3\ArcToolbox\Toolboxes\Data Management Tools.tbx\CalculateField" Date="20200130" Time="220228">CalculateField dc_crime_incidents_2008_2018 TO_DATE Left( [END_DATE], 10 ) VB #</Process><Process ToolSource="c:\program files (x86)\arcgis\desktop10.3\ArcToolbox\Toolboxes\Data Management Tools.tbx\CalculateField" Date="20200130" Time="221517">CalculateField dc_crime_incidents_2008_2018 FROM_TIME Mid( [START_DATE],12,5 ) VB #</Process><Process ToolSource="c:\program files (x86)\arcgis\desktop10.3\ArcToolbox\Toolboxes\Data Management Tools.tbx\CalculateField" Date="20200130" Time="221855">CalculateField dc_crime_incidents_2008_2018 FROM_TIME Mid( [START_DATE],12 ) VB #</Process><Process ToolSource="c:\program files (x86)\arcgis\desktop10.3\ArcToolbox\Toolboxes\Data Management Tools.tbx\CalculateField" Date="20200130" Time="222652">CalculateField dc_crime_incidents_2008_2018 mystring Mid( [START_DATE],12 ) VB #</Process><Process ToolSource="c:\program files (x86)\arcgis\desktop10.3\ArcToolbox\Toolboxes\Data Management Tools.tbx\CalculateField" Date="20200130" Time="223024">CalculateField dc_crime_incidents_2008_2018 FROM_TIME Left( [mystring], 5 ) VB #</Process><Process ToolSource="c:\program files (x86)\arcgis\desktop10.3\ArcToolbox\Toolboxes\Data Management Tools.tbx\CalculateField" Date="20200130" Time="223350">CalculateField dc_crime_incidents_2008_2018 FROM_TIME Left( [mystring], 8 ) VB #</Process><Process ToolSource="c:\program files (x86)\arcgis\desktop10.3\ArcToolbox\Toolboxes\Data Management Tools.tbx\CalculateField" Date="20200130" Time="224141">CalculateField dc_crime_incidents_2008_2018 FROM_TIME Left( [mystring], 5 ) VB #</Process><Process ToolSource="c:\program files (x86)\arcgis\desktop10.3\ArcToolbox\Toolboxes\Data Management Tools.tbx\CalculateField" Date="20200130" Time="224533">CalculateField dc_crime_incidents_2008_2018 TO_TIME Left(MID([END_DATE] , 12) , 5 ) VB #</Process><Process ToolSource="c:\program files (x86)\arcgis\desktop10.3\ArcToolbox\Toolboxes\Data Management Tools.tbx\CalculateField" Date="20200130" Time="225425">CalculateField dc_crime_incidents_2008_2018 YEAR Left( [START_DATE], 4 ) VB #</Process></lineage></DataProperties><SyncDate>20200131</SyncDate><SyncTime>20480600</SyncTime><ModDate>20200131</ModDate><ModTime>20480600</ModTime></Esri><dataIdInfo><envirDesc Sync="TRUE"> Version 6.2 (Build 9200) ; Esri ArcGIS 10.3.0.4322</envirDesc><dataLang><languageCode value="eng" Sync="TRUE"></languageCode><countryCode value="USA" Sync="TRUE"></countryCode></dataLang><idCitation><resTitle Sync="TRUE">dc_crime_incidents_2008_2018_v3</resTitle><presForm><PresFormCd value="005" Sync="TRUE"></PresFormCd></presForm></idCitation><spatRpType><SpatRepTypCd value="001" Sync="TRUE"></SpatRepTypCd></spatRpType></dataIdInfo><mdLang><languageCode value="eng" Sync="TRUE"></languageCode><countryCode value="USA" Sync="TRUE"></countryCode></mdLang><mdChar><CharSetCd value="004" Sync="TRUE"></CharSetCd></mdChar><distInfo><distFormat><formatName Sync="TRUE">Shapefile</formatName></distFormat><distTranOps><transSize Sync="TRUE">0.000</transSize></distTranOps></distInfo><mdHrLv><ScopeCd value="005" Sync="TRUE"></ScopeCd></mdHrLv><mdHrLvName Sync="TRUE">dataset</mdHrLvName><refSysInfo><RefSystem><refSysID><identCode code="4326" Sync="TRUE"></identCode><idCodeSpace Sync="TRUE">EPSG</idCodeSpace><idVersion Sync="TRUE">8.2.6</idVersion></refSysID></RefSystem></refSysInfo><spatRepInfo><VectSpatRep><geometObjs Name="dc_crime_incidents_2008_2018_v3"><geoObjTyp><GeoObjTypCd value="004" Sync="TRUE"></GeoObjTypCd></geoObjTyp><geoObjCnt Sync="TRUE">0</geoObjCnt></geometObjs><topLvl><TopoLevCd value="001" Sync="TRUE"></TopoLevCd></topLvl></VectSpatRep></spatRepInfo><spdoinfo><ptvctinf><esriterm Name="dc_crime_incidents_2008_2018_v3"><efeatyp Sync="TRUE">Simple</efeatyp><efeageom code="1" Sync="TRUE"></efeageom><esritopo Sync="TRUE">FALSE</esritopo><efeacnt Sync="TRUE">0</efeacnt><spindex Sync="TRUE">FALSE</spindex><linrefer Sync="TRUE">FALSE</linrefer></esriterm></ptvctinf></spdoinfo><eainfo><detailed Name="dc_crime_incidents_2008_2018_v3"><enttyp><enttypl Sync="TRUE">dc_crime_incidents_2008_2018_v3</enttypl><enttypt Sync="TRUE">Feature Class</enttypt><enttypc Sync="TRUE">0</enttypc></enttyp><attr><attrlabl Sync="TRUE">FID</attrlabl><attalias Sync="TRUE">FID</attalias><attrtype Sync="TRUE">OID</attrtype><attwidth Sync="TRUE">4</attwidth><atprecis Sync="TRUE">0</atprecis><attscale Sync="TRUE">0</attscale><attrdef Sync="TRUE">Internal feature number.</attrdef><attrdefs Sync="TRUE">Esri</attrdefs><attrdomv><udom Sync="TRUE">Sequential unique whole numbers that are automatically generated.</udom></attrdomv></attr><attr><attrlabl Sync="TRUE">Shape</attrlabl><attalias Sync="TRUE">Shape</attalias><attrtype Sync="TRUE">Geometry</attrtype><attwidth Sync="TRUE">0</attwidth><atprecis Sync="TRUE">0</atprecis><attscale Sync="TRUE">0</attscale><attrdef Sync="TRUE">Feature geometry.</attrdef><attrdefs Sync="TRUE">Esri</attrdefs><attrdomv><udom Sync="TRUE">Coordinates defining the features.</udom></attrdomv></attr><attr><attrlabl Sync="TRUE">Join_Count</attrlabl><attalias Sync="TRUE">Join_Count</attalias><attrtype Sync="TRUE">Integer</attrtype><attwidth Sync="TRUE">10</attwidth><atprecis Sync="TRUE">10</atprecis><attscale Sync="TRUE">0</attscale></attr><attr><attrlabl Sync="TRUE">TARGET_FID</attrlabl><attalias Sync="TRUE">TARGET_FID</attalias><attrtype Sync="TRUE">Integer</attrtype><attwidth Sync="TRUE">10</attwidth><atprecis Sync="TRUE">10</atprecis><attscale Sync="TRUE">0</attscale></attr><attr><attrlabl Sync="TRUE">CCN</attrlabl><attalias Sync="TRUE">CCN</attalias><attrtype Sync="TRUE">String</attrtype><attwidth Sync="TRUE">80</attwidth><atprecis Sync="TRUE">0</atprecis><attscale Sync="TRUE">0</attscale></attr><attr><attrlabl Sync="TRUE">SHIFT</attrlabl><attalias Sync="TRUE">SHIFT</attalias><attrtype Sync="TRUE">String</attrtype><attwidth Sync="TRUE">80</attwidth><atprecis Sync="TRUE">0</atprecis><attscale Sync="TRUE">0</attscale></attr><attr><attrlabl Sync="TRUE">METHOD</attrlabl><attalias Sync="TRUE">METHOD</attalias><attrtype Sync="TRUE">String</attrtype><attwidth Sync="TRUE">80</attwidth><atprecis Sync="TRUE">0</atprecis><attscale Sync="TRUE">0</attscale></attr><attr><attrlabl Sync="TRUE">OFFENSE</attrlabl><attalias Sync="TRUE">OFFENSE</attalias><attrtype Sync="TRUE">String</attrtype><attwidth Sync="TRUE">80</attwidth><atprecis Sync="TRUE">0</atprecis><attscale Sync="TRUE">0</attscale></attr><attr><attrlabl Sync="TRUE">BLOCK</attrlabl><attalias Sync="TRUE">BLOCK</attalias><attrtype Sync="TRUE">String</attrtype><attwidth Sync="TRUE">254</attwidth><atprecis Sync="TRUE">0</atprecis><attscale Sync="TRUE">0</attscale></attr><attr><attrlabl Sync="TRUE">XBLOCK</attrlabl><attalias Sync="TRUE">XBLOCK</attalias><attrtype Sync="TRUE">Integer</attrtype><attwidth Sync="TRUE">10</attwidth><atprecis Sync="TRUE">10</atprecis><attscale Sync="TRUE">0</attscale></attr><attr><attrlabl Sync="TRUE">YBLOCK</attrlabl><attalias Sync="TRUE">YBLOCK</attalias><attrtype Sync="TRUE">Integer</attrtype><attwidth Sync="TRUE">10</attwidth><atprecis Sync="TRUE">10</atprecis><attscale Sync="TRUE">0</attscale></attr><attr><attrlabl Sync="TRUE">DISTRICT</attrlabl><attalias Sync="TRUE">DISTRICT</attalias><attrtype Sync="TRUE">String</attrtype><attwidth Sync="TRUE">80</attwidth><atprecis Sync="TRUE">0</atprecis><attscale Sync="TRUE">0</attscale></attr><attr><attrlabl Sync="TRUE">PSA</attrlabl><attalias Sync="TRUE">PSA</attalias><attrtype Sync="TRUE">String</attrtype><attwidth Sync="TRUE">80</attwidth><atprecis Sync="TRUE">0</atprecis><attscale Sync="TRUE">0</attscale></attr><attr><attrlabl Sync="TRUE">NEIGHBORHO</attrlabl><attalias Sync="TRUE">NEIGHBORHO</attalias><attrtype Sync="TRUE">String</attrtype><attwidth Sync="TRUE">80</attwidth><atprecis Sync="TRUE">0</atprecis><attscale Sync="TRUE">0</attscale></attr><attr><attrlabl Sync="TRUE">LATITUDE</attrlabl><attalias Sync="TRUE">LATITUDE</attalias><attrtype Sync="TRUE">Double</attrtype><attwidth Sync="TRUE">19</attwidth><atprecis Sync="TRUE">18</atprecis><attscale Sync="TRUE">15</attscale></attr><attr><attrlabl Sync="TRUE">LONGITUDE</attrlabl><attalias Sync="TRUE">LONGITUDE</attalias><attrtype Sync="TRUE">Double</attrtype><attwidth Sync="TRUE">19</attwidth><atprecis Sync="TRUE">18</atprecis><attscale Sync="TRUE">15</attscale></attr><attr><attrlabl Sync="TRUE">FROM_DATE</attrlabl><attalias Sync="TRUE">FROM_DATE</attalias><attrtype Sync="TRUE">Date</attrtype><attwidth Sync="TRUE">8</attwidth><atprecis Sync="TRUE">0</atprecis><attscale Sync="TRUE">0</attscale></attr><attr><attrlabl Sync="TRUE">TO_DATE</attrlabl><attalias Sync="TRUE">TO_DATE</attalias><attrtype Sync="TRUE">Date</attrtype><attwidth Sync="TRUE">8</attwidth><atprecis Sync="TRUE">0</atprecis><attscale Sync="TRUE">0</attscale></attr><attr><attrlabl Sync="TRUE">FROM_TIME</attrlabl><attalias Sync="TRUE">FROM_TIME</attalias><attrtype Sync="TRUE">String</attrtype><attwidth Sync="TRUE">50</attwidth><atprecis Sync="TRUE">0</atprecis><attscale Sync="TRUE">0</attscale></attr><attr><attrlabl Sync="TRUE">TO_TIME</attrlabl><attalias Sync="TRUE">TO_TIME</attalias><attrtype Sync="TRUE">String</attrtype><attwidth Sync="TRUE">50</attwidth><atprecis Sync="TRUE">0</atprecis><attscale Sync="TRUE">0</attscale></attr><attr><attrlabl Sync="TRUE">YEAR</attrlabl><attalias Sync="TRUE">YEAR</attalias><attrtype Sync="TRUE">SmallInteger</attrtype><attwidth Sync="TRUE">5</attwidth><atprecis Sync="TRUE">5</atprecis><attscale Sync="TRUE">0</attscale></attr><attr><attrlabl Sync="TRUE">GEOID</attrlabl><attalias Sync="TRUE">GEOID</attalias><attrtype Sync="TRUE">String</attrtype><attwidth Sync="TRUE">12</attwidth><atprecis Sync="TRUE">0</atprecis><attscale Sync="TRUE">0</attscale></attr><attr><attrlabl Sync="TRUE">ID</attrlabl><attalias Sync="TRUE">ID</attalias><attrtype Sync="TRUE">String</attrtype><attwidth Sync="TRUE">50</attwidth><atprecis Sync="TRUE">0</atprecis><attscale Sync="TRUE">0</attscale></attr></detailed></eainfo><mdDateSt Sync="TRUE">20200131</mdDateSt></metadata>
