<?xml version="1.0" encoding="UTF-8"?>
<metadata xml:lang="en"><Esri><CreaDate>20200201</CreaDate><CreaTime>09450800</CreaTime><ArcGISFormat>1.0</ArcGISFormat><SyncOnce>TRUE</SyncOnce><DataProperties><lineage><Process ToolSource="c:\program files (x86)\arcgis\desktop10.3\ArcToolbox\Toolboxes\Data Management Tools.tbx\CalculateField" Date="20200131" Time="234957">CalculateField block_groups_2015_acs_v6 pawn [Count_] VB #</Process></lineage><itemProps><itemLocation><linkage Sync="TRUE">file://\\18HABERCYXL01\C$\Users\habermcy\Documents\ArcGIS\Default.gdb</linkage><protocol Sync="TRUE">Local Area Network</protocol></itemLocation></itemProps><copyHistory><copy source="C:\Users\habermcy\OneDrive - University of Cincinnati\methods-book-dc-data\05-census\wash_dc_block_groups" dest="\\18HABERCYXL01\C$\Users\habermcy\OneDrive - University of Cincinnati\methods-book-dc-data\06-final-data\wash_dc_block_groups" date="20200201" time="09345900"></copy></copyHistory></DataProperties></Esri></metadata>
